﻿{"allRoundData":[{"name":"Spanish","timeLimitInSeconds":20,"pointsAddedForCorrectAnswer":10,"questions":[

{"questionText":"I leave behind","answers":[{"answerText":"Yo abandonas","isCorrect":false},{"answerText":"Yo abandona","isCorrect":false},
{"answerText":"Yo abandono","isCorrect":true},{"answerText":"Yo abandonamos","isCorrect":false}]},

{"questionText":"You (informal) encompass","answers":[{"answerText":"tú abarcas","isCorrect":false},
{"answerText":"tú abarcamos","isCorrect":false},{"answerText":"tú abarcan","isCorrect":false},{"answerText":"tú abarcamos","isCorrect":false}]},

{"questionText":"She boards","answers":[{"answerText":"Ella aborda","isCorrect":true},{"answerText":"Ella abordo","isCorrect":false},
{"answerText":"Ella abordas","isCorrect":false},{"answerText":"Ella abordan","isCorrect":false}]},

{"questionText":"We hug","answers":[{"answerText":"Nosotros abrazas","isCorrect":false},{"answerText":"Nosotros abraza","isCorrect":false},
{"answerText":"Nosotros abrazamos","isCorrect":true},{"answerText":"Nosotros abrazan","isCorrect":false}]},

{"questionText":"They open","answers":[{"answerText":"Ellos abrimos","isCorrect":false},{"answerText":"Ellos abren","isCorrect":true},
{"answerText":"Ellos abre","isCorrect":false},{"answerText":"Ellos abres","isCorrect":false}]},

{"questionText":"You all absorb","answers":[{"answerText":"Ustedes absorbemos ","isCorrect":false},{"answerText":"Ustedes absorbe","isCorrect":false},
{"answerText":"Ustedes absorbo","isCorrect":false},{"answerText":"Ustedes absorben","isCorrect":true}]},

{"questionText":"They are plentiful","answers":[{"answerText":"Ellos abundan ","isCorrect":true},{"answerText":"Ellos abundo","isCorrect":false},
{"answerText":"Ellos abunda","isCorrect":false},{"answerText":"Ellos abundas","isCorrect":false}]},

{"questionText":"I bore","answers":[{"answerText":"Yo aburren","isCorrect":false},{"answerText":"Yo aburrimos","isCorrect":false},
{"answerText":"Yo aburro","isCorrect":true},{"answerText":"Yo aburre","isCorrect":false}]},

{"questionText":"You (formal) abuse","answers":[{"answerText":"Usted abuso","isCorrect":false},{"answerText":"Usted abusa","isCorrect":true},{"answerText":"Usted abusas","isCorrect":false},
{"answerText":"Usted abusan","isCorrect":false}]},

{"questionText":"They finish","answers":[{"answerText":"Ellas acaba","isCorrect":false},{"answerText":"Ellas acabamos","isCorrect":false},
{"answerText":"Ellas acabo","isCorrect":false},{"answerText":"Ellas acaban","isCorrect":true}]}]}]}